Workbook

Sheet Инструкции
A1: МИС — инструмент за риска (инвентаризация, оценка на риска, план за третиране)
A3: Ред на попълване: 1) Регистър на активите → 2) Регистър на риска → 3) План за третиране.
A5: Цветове:
A6: • Жълтите клетки ги попълваш ти.
A7: • Сивите се изчисляват автоматично — НЕ ги пипай (Риск, Ниво, Приемлив, Остатъчен риск, Първонач. риск в плана).
A8: • Редовете с „◄ ПРИМЕР“ в "Забележка" са образци — изтрий целите редове, преди да качиш в git
A10: Правила, които се проверяват:
A11: • Собственикът на актив е ДЛЪЖНОСТ, не име на човек.
A12: • Въздействието е НАЙ-ВИСОКОТО от четирите измерения (работа, данни, финанси/право, репутация), не средното. Виж лист „Скали“.
A13: • Риск апетитът е ЧИСЛО (лист „Скали“, клетка B1, по подразбиране 9). Можеш да го смениш, но с обосновка за сектора на фирмата.
A14: • Всеки риск сочи конкретен A-ID и има едновременно заплаха И уязвимост. „Хакерска атака“ не е риск.
A15: • Стойностите трябва да имат дистрибуция — ако всичко е 5 или всичко е 1, не е оценявано.
... A22: Минимум за предаване: ≥12 актива, ≥12 оценени риска, план за третиране на всички неприемливи рискове.

Sheet Скали
A1: РИСК АПЕТИТ (число, по подразбиране 9 — сменя се с обосновка): | B1: 9
A2: Всичко с риск НАД тази стойност е неприемливо и влиза в План за третиране.
A4: СКАЛА ЗА ВЕРОЯТНОСТ (1–5, по честота)
A5: 1 Много ниска | B5: по-рядко от веднъж на 10 години, теоретично
A6: 2 Ниска | B6: веднъж на няколко години в сектора
A7: 3 Средна | B7: веднъж на няколко години в подобна организация
A8: 4 Висока | B8: очаква се при текущата защита, поне веднъж годишно
A9: 5 Много висока | B9: вече се случва или опити постоянно
A11: СКАЛА ЗА ВЪЗДЕЙСТВИЕ (1–5) — взима се НАЙ-ВИСОКОТО от 4-те измерения
A12: Ниво | B12: Работа на услугата | C12: Данни | D12: Финанси и право | E12: Репутация
A13: 1 Нищожно | B13: без забележимо прекъсване | C13: без загуба/разкриване | D13: пренебрежими разходи | E13: без отзвук
A14: 2 Малко | B14: прекъсване до половин ден за част | C14: възстановимо от архив | D14: в рамките на бюджета | E14: отделни оплаквания
A15: 3 Средно | B15: до един ден на основна услуга | C15: загуба до RPO/вътрешна инфо | D15: неустойки, извънредни разходи | E15: локална публичност
A16: 4 Голямо | B16: над ден или всички потребители | C16: лични/поверителни данни | D16: надзорен орган, санкции | E16: национална публичност
A17: 5 Критично | B17: спиране, живот и здраве, КИ | C17: масово/невъзстановимо | D17: лиценз, наказателна отг. | E17: трайна загуба на доверие
A19: НИВА НА РИСК (вероятност × въздействие)
A20: Ниво | B20: Стойност | C20: Цвят | D20: Срок за третиране
A21: Нисък | B21: 1–4 | D21: приема се / наблюдава се
A22: Умерен | B22: 5–9 | D22: наблюдава се
A23: Висок | B23: 10–15 | D23: третира се до 90 дни
A24: Критичен | B24: 16–25 | D24: третира се до 30 дни, временна мярка до 7 дни
A26: ВАРИАНТИ ЗА ТРЕТИРАНЕ
A27: Намаляване | B27: контрол, който сваля вероятността или въздействието
A28: Прехвърляне | B28: застраховка или договорна клауза; какво остава непрехвърлено
A29: Избягване | B29: спиране на дейността, която носи риска
A30: Приемане | B30: рискът е под апетита или третирането струва повече от щетата; кой приема, с длъжност и дата

Sheet Регистър на активите
A1: A-ID | B1: Наименование | C1: Тип | D1: Собственик (длъжност) | E1: Оператор | F1: Класификация | G1: Локация | H1: Зависимости | I1: Забележка
A2: A-01 | B2: Core Banking System (CBS) | C2: софтуер | D2: Ръководител ИТ | E2: Системен администратор | F2: строго поверителна | G2: LAN-HQ, 8443/TCP | H2: A-03, A-06, A-14 | I2: Ядрото на банката
A3: A-02 | B3: ATM Manager | C3: софтуер | D3: Ръководител ИТ | E3: Системен администратор | F3: поверителна | G3: ATM сегмент, 9000/TCP | H3: A-04, A-06 | I3: Управление на банкоматите
A4: A-03 | B4: База данни със сметки и транзакции | C4: информация | D4: Директор сигурност (CISO) | E4: Администратор на бази данни | F4: строго поверителна | G4: вътрешен сегмент HQ | H4: A-14 | I4: Лични и финансови данни
A5: A-04 | B5: Банкомати (ATM терминали) | C5: хардуер | D5: Ръководител операции | E5: Фасилити / Системен администратор | F5: поверителна | G5: публични локации, клонове | H5: A-02 | I5: Физически изложени
A6: A-05 | B6: Firewall / Gateway (gw) | C6: хардуер | D6: Ръководител ИТ | E6: Мрежов администратор | F6: вътрешна | G6: периметър HQ | H6: A-06 | I6: nftables, NAT само от HQ
A7: A-06 | B7: Вътрешна мрежа и сегментация | C7: мрежа | D7: Ръководител ИТ | E7: Мрежов администратор | F7: вътрешна | G7: всички сегменти | H7: A-05 | I7: HQ / клонове / ATM
A8: A-07 | B8: Банкови терминали в клоновете | C8: хардуер | D8: Ръководител клонова мрежа | E8: Системен администратор | F8: поверителна | G8: Пловдив, Видин | H8: A-06, A-01 | I8: Достъп до CBS по TLS
A9: A-08 | B9: Система за наблюдение (Wazuh, mon) | C9: софтуер | D9: Директор сигурност (CISO) | E9: Анализатор сигурност | F9: вътрешна | G9: мониторинг сегмент | H9: A-06 | I9: SIEM / логове
A10: A-09 | B10: Картови данни (PAN, PCI DSS) | C10: информация | D10: Директор сигурност (CISO) | E10: Администратор на бази данни | F10: строго поверителна | G10: картова среда (CDE) | H10: A-03 | I10: В обхват на PCI DSS
A11: A-10 | B11: Портал за онлайн банкиране | C11: софтуер | D11: Ръководител ИТ | E11: Системен администратор | F11: поверителна | G11: DMZ сегмент | H11: A-01, A-12 | I11: Публично достъпен
A12: A-11 | B12: Услуга електронна поща | C12: услуга | D12: Ръководител ИТ | E12: Системен администратор | F12: вътрешна | G12: облак / централа | H12: A-12 | I12: Служебна комуникация
... A16: A-15 | B16: Резервни копия (backups) | C16: информация | D16: Ръководител ИТ | E16: Системен администратор | F16: строго поверителна | G16: офлайн / отделен сегмент | H16: A-03, A-01 | I16: Възстановяване при бедствие

Sheet Регистър на риска
A1: R-ID | B1: A-ID | C1: Заплаха ( MITTRE ATT&CK техника) | D1: Уязвимост | E1: Сценарий (изречение) | F1: Съществуващи контроли | G1: P | H1: I | I1: Риск | J1: Ниво | K1: Приемлив | L1: Третиране | M1: Отговорник (длъжност) | N1: Срок | O1: Час | P1: Остат. P | Q1: Остат. I | R1: Остат. риск | S1: Доказателство
A2: R-01 | B2: A-01 (CBS) | C2: T1190 Exploit Public-Facing App → T1210 Exploit Remote Services → T1041 Exfiltration over C2 | D2: Непачнат CBS фронтенд, без WAF пред него | E2: Външен нападател пробива CBS през публично достъпна услуга и достига до сметките | F2: TLS, мрежова сегментация | G2: 4 | H2: 5 | I2: =IF(OR(G2="",H2=""),"",G2*H2) -> 20 | J2: =IF(I2="","",IF(I2<=4,"нисък",IF(I2<=9,"умерен",IF(I2<=15,"висок","критичен")))) -> критичен | K2: =IF(I2="","",IF(I2<=Скали!$B$1,"да","не")) -> не | L2: намаляване | M2: Ръководител ИТ | N2: 30 дни | O2: 9 | P2: 2 | Q2: 4 | R2: =IF(OR(P2="",Q2=""),"",P2*Q2) -> 8 | S2: artefakti/s09-firewall/
A3: R-02 | B3: A-03 (БД сметки) | C3: T1078 Valid Accounts → T1530 Data from Cloud/DB → T1041 Exfiltration | D3: Админ достъп до БД само с парола, без MFA и без ограничение на източника | E3: Компрометиран админ акаунт изнася клиентските данни | F3: Сложност на паролата, дневник на достъпа | G3: 3 | H3: 5 | I3: =IF(OR(G3="",H3=""),"",G3*H3) -> 15 | J3: =IF(I3="","",IF(I3<=4,"нисък",IF(I3<=9,"умерен",IF(I3<=15,"висок","критичен")))) -> висок | K3: =IF(I3="","",IF(I3<=Скали!$B$1,"да","не")) -> не | L3: намаляване | M3: Директор сигурност (CISO) | N3: 30 дни | O3: — | P3: 1 | Q3: 5 | R3: =IF(OR(P3="",Q3=""),"",P3*Q3) -> 5 | S3: artefakti/s09-mfa/
A4: R-03 | B4: A-04 (банкомати) | C4: T1200 Hardware Additions / T1485 Data Destruction | D4: Физически достъп до банкомат, недоверена зона | E4: Jackpotting или ATM malware през физически достъп до банкомат | F4: Ключалка, видеонаблюдение | G4: 3 | H4: 4 | I4: =IF(OR(G4="",H4=""),"",G4*H4) -> 12 | J4: =IF(I4="","",IF(I4<=4,"нисък",IF(I4<=9,"умерен",IF(I4<=15,"висок","критичен")))) -> висок | K4: =IF(I4="","",IF(I4<=Скали!$B$1,"да","не")) -> не | L4: намаляване | M4: Ръководител операции | N4: 90 дни | O4: — | P4: 2 | Q4: 3 | R4: =IF(OR(P4="",Q4=""),"",P4*Q4) -> 6 | S4: —
A5: R-04 | B5: A-09 (картови данни) | C5: T1005 Data from Local System / T1552 Unsecured Credentials | D5: Картовата среда не е напълно изолирана; частично криптиране | E5: Изтичане на PAN данни води до PCI DSS санкции и загуба на доверие | F5: Частично криптиране, контрол на достъпа | G5: 2 | H5: 5 | I5: =IF(OR(G5="",H5=""),"",G5*H5) -> 10 | J5: =IF(I5="","",IF(I5<=4,"нисък",IF(I5<=9,"умерен",IF(I5<=15,"висок","критичен")))) -> висок | K5: =IF(I5="","",IF(I5<=Скали!$B$1,"да","не")) -> не | L5: намаляване | M5: Директор сигурност (CISO) | N5: 30 дни | O5: — | P5: 1 | Q5: 5 | R5: =IF(OR(P5="",Q5=""),"",P5*Q5) -> 5 | S5: —
A6: R-05 | B6: A-10 (онлайн банкиране) | C6: T1110 Brute Force / T1556 Modify Authentication Process | D6: Клиентски вход без MFA и без ограничение на опитите | E6: Credential stuffing превзема клиентски акаунти в портала | F6: CAPTCHA | G6: 4 | H6: 4 | I6: =IF(OR(G6="",H6=""),"",G6*H6) -> 16 | J6: =IF(I6="","",IF(I6<=4,"нисък",IF(I6<=9,"умерен",IF(I6<=15,"висок","критичен")))) -> критичен | K6: =IF(I6="","",IF(I6<=Скали!$B$1,"да","не")) -> не | L6: намаляване | M6: Ръководител ИТ | N6: 30 дни | O6: 9 | P6: 2 | Q6: 3 | R6: =IF(OR(P6="",Q6=""),"",P6*Q6) -> 6 | S6: artefakti/s09-mfa/
A7: R-06 | B7: A-06 (мрежа) | C7: T1021 Remote Services (странично движение) | D7: Недостатъчна изолация между ATM зоната и CBS | E7: Компрометиран банкомат служи за трамплин към CBS | F7: nftables DROP по подразбиране | G7: 3 | H7: 5 | I7: =IF(OR(G7="",H7=""),"",G7*H7) -> 15 | J7: =IF(I7="","",IF(I7<=4,"нисък",IF(I7<=9,"умерен",IF(I7<=15,"висок","критичен")))) -> висок | K7: =IF(I7="","",IF(I7<=Скали!$B$1,"да","не")) -> не | L7: намаляване | M7: Мрежов администратор | N7: 30 дни | O7: 1 и 9 | P7: 2 | Q7: 4 | R7: =IF(OR(P7="",Q7=""),"",P7*Q7) -> 8 | S7: artefakti/s01-laboratoria/
A8: R-07 | B8: A-05 (gw firewall) | C8: T1498 Network Denial of Service | D8: Единична точка на отказ, без DDoS защита | E8: DDoS атака спира банкирането за клиентите | F8: Rate limiting на gw | G8: 3 | H8: 4 | I8: =IF(OR(G8="",H8=""),"",G8*H8) -> 12 | J8: =IF(I8="","",IF(I8<=4,"нисък",IF(I8<=9,"умерен",IF(I8<=15,"висок","критичен")))) -> висок | K8: =IF(I8="","",IF(I8<=Скали!$B$1,"да","не")) -> не | L8: прехвърляне | M8: Ръководител ИТ | N8: 90 дни | O8: 9 | P8: 2 | Q8: 3 | R8: =IF(OR(P8="",Q8=""),"",P8*Q8) -> 6 | S8: —
A9: R-08 | B9: A-11 (поща) | C9: T1566 Phishing | D9: Служители без обучение, без DMARC/SPF/DKIM | E9: Фишинг кампания компрометира служебен акаунт | F9: Spam филтър | G9: 4 | H9: 3 | I9: =IF(OR(G9="",H9=""),"",G9*H9) -> 12 | J9: =IF(I9="","",IF(I9<=4,"нисък",IF(I9<=9,"умерен",IF(I9<=15,"висок","критичен")))) -> висок | K9: =IF(I9="","",IF(I9<=Скали!$B$1,"да","не")) -> не | L9: намаляване | M9: Директор сигурност (CISO) | N9: 90 дни | O9: — | P9: 2 | Q9: 2 | R9: =IF(OR(P9="",Q9=""),"",P9*Q9) -> 4 | S9: artefakti/s03-kontroli/
A10: R-09 | B10: A-15 (резервни копия) | C10: T1486 Data Encrypted for Impact (ransomware) | D10: Архивите са достъпни от производствената мрежа | E10: Ransomware криптира данните и достига до архивите | F10: Антивирус, периодични копия | G10: 3 | H10: 5 | I10: =IF(OR(G10="",H10=""),"",G10*H10) -> 15 | J10: =IF(I10="","",IF(I10<=4,"нисък",IF(I10<=9,"умерен",IF(I10<=15,"висок","критичен")))) -> висок | K10: =IF(I10="","",IF(I10<=Скали!$B$1,"да","не")) -> не | L10: намаляване | M10: Ръководител ИТ | N10: 30 дни | O10: — | P10: 2 | Q10: 4 | R10: =IF(OR(P10="",Q10=""),"",P10*Q10) -> 8 | S10: —
A11: R-10 | B11: A-08 (мониторинг) | C11: T1562 Impair Defenses | D11: Мониторингът не покрива всички хостове | E11: Атака остава незабелязана заради непълно покритие на SIEM | F11: Wazuh частично внедрен | G11: 2 | H11: 4 | I11: =IF(OR(G11="",H11=""),"",G11*H11) -> 8 | J11: =IF(I11="","",IF(I11<=4,"нисък",IF(I11<=9,"умерен",IF(I11<=15,"висок","критичен")))) -> умерен | K11: =IF(I11="","",IF(I11<=Скали!$B$1,"да","не")) -> да | L11: намаляване | M11: Анализатор сигурност | N11: 90 дни | O11: — | P11: 1 | Q11: 4 | R11: =IF(OR(P11="",Q11=""),"",P11*Q11) -> 4 | S11: —
A12: R-11 | B12: A-13 (ключов админ) | C12: T1078 Valid Accounts / човешки фактор | D12: Цялото оперативно знание е у едно лице | E12: Напускане или компрометиране на ключов админ спира поддръжката | F12: Частична документация | G12: 2 | H12: 3 | I12: =IF(OR(G12="",H12=""),"",G12*H12) -> 6 | J12: =IF(I12="","",IF(I12<=4,"нисък",IF(I12<=9,"умерен",IF(I12<=15,"висок","критичен")))) -> умерен | K12: =IF(I12="","",IF(I12<=Скали!$B$1,"да","не")) -> да | L12: намаляване | M12: Управител | N12: 90 дни | O12: — | P12: 1 | Q12: 3 | R12: =IF(OR(P12="",Q12=""),"",P12*Q12) -> 3 | S12: —
A13: R-12 | B13: A-12 (DNS/домейн) | C13: T1557 Adversary-in-the-Middle / T1071 Application Layer Protocol | D13: Липсва DNSSEC за домейните | E13: Подмяна на DNS отвежда клиенти към фалшив банков сайт | F13: — | G13: 2 | H13: 4 | I13: =IF(OR(G13="",H13=""),"",G13*H13) -> 8 | J13: =IF(I13="","",IF(I13<=4,"нисък",IF(I13<=9,"умерен",IF(I13<=15,"висок","критичен")))) -> умерен | K13: =IF(I13="","",IF(I13<=Скали!$B$1,"да","не")) -> да | L13: намаляване | M13: Мрежов администратор | N13: 90 дни | O13: — | P13: 1 | Q13: 4 | R13: =IF(OR(P13="",Q13=""),"",P13*Q13) -> 4 | S13: artefakti/s03-kontroli/
... A15: R-14 | B15: A-07 (клонови терминали) | C15: T1078 Valid Accounts | D15: Споделени акаунти на терминалите в клоновете | E15: Неоторизиран достъп от клон към CBS чрез споделен акаунт | F15: VPN до HQ | G15: 2 | H15: 3 | I15: =IF(OR(G15="",H15=""),"",G15*H15) -> 6 | J15: =IF(I15="","",IF(I15<=4,"нисък",IF(I15<=9,"умерен",IF(I15<=15,"висок","критичен")))) -> умерен | K15: =IF(I15="","",IF(I15<=Скали!$B$1,"да","не")) -> да | L15: приемане | M15: Ръководител клонова мрежа | N15: — | O15: — | P15: 2 | Q15: 3 | R15: =IF(OR(P15="",Q15=""),"",P15*Q15) -> 6 | S15: —
I16: =IF(OR(G16="",H16=""),"",G16*H16) | J16: =IF(I16="","",IF(I16<=4,"нисък",IF(I16<=9,"умерен",IF(I16<=15,"висок","критичен")))) | K16: =IF(I16="","",IF(I16<=Скали!$B$1,"да","не")) | R16: =IF(OR(P16="",Q16=""),"",P16*Q16)
I17: =IF(OR(G17="",H17=""),"",G17*H17) | J17: =IF(I17="","",IF(I17<=4,"нисък",IF(I17<=9,"умерен",IF(I17<=15,"висок","критичен")))) | K17: =IF(I17="","",IF(I17<=Скали!$B$1,"да","не")) | R17: =IF(OR(P17="",Q17=""),"",P17*Q17)
I18: =IF(OR(G18="",H18=""),"",G18*H18) | J18: =IF(I18="","",IF(I18<=4,"нисък",IF(I18<=9,"умерен",IF(I18<=15,"висок","критичен")))) | K18: =IF(I18="","",IF(I18<=Скали!$B$1,"да","не")) | R18: =IF(OR(P18="",Q18=""),"",P18*Q18)
I19: =IF(OR(G19="",H19=""),"",G19*H19) | J19: =IF(I19="","",IF(I19<=4,"нисък",IF(I19<=9,"умерен",IF(I19<=15,"висок","критичен")))) | K19: =IF(I19="","",IF(I19<=Скали!$B$1,"да","не")) | R19: =IF(OR(P19="",Q19=""),"",P19*Q19)
I20: =IF(OR(G20="",H20=""),"",G20*H20) | J20: =IF(I20="","",IF(I20<=4,"нисък",IF(I20<=9,"умерен",IF(I20<=15,"висок","критичен")))) | K20: =IF(I20="","",IF(I20<=Скали!$B$1,"да","не")) | R20: =IF(OR(P20="",Q20=""),"",P20*Q20)
I21: =IF(OR(G21="",H21=""),"",G21*H21) | J21: =IF(I21="","",IF(I21<=4,"нисък",IF(I21<=9,"умерен",IF(I21<=15,"висок","критичен")))) | K21: =IF(I21="","",IF(I21<=Скали!$B$1,"да","не")) | R21: =IF(OR(P21="",Q21=""),"",P21*Q21)
I22: =IF(OR(G22="",H22=""),"",G22*H22) | J22: =IF(I22="","",IF(I22<=4,"нисък",IF(I22<=9,"умерен",IF(I22<=15,"висок","критичен")))) | K22: =IF(I22="","",IF(I22<=Скали!$B$1,"да","не")) | R22: =IF(OR(P22="",Q22=""),"",P22*Q22)
I23: =IF(OR(G23="",H23=""),"",G23*H23) | J23: =IF(I23="","",IF(I23<=4,"нисък",IF(I23<=9,"умерен",IF(I23<=15,"висок","критичен")))) | K23: =IF(I23="","",IF(I23<=Скали!$B$1,"да","не")) | R23: =IF(OR(P23="",Q23=""),"",P23*Q23)
I24: =IF(OR(G24="",H24=""),"",G24*H24) | J24: =IF(I24="","",IF(I24<=4,"нисък",IF(I24<=9,"умерен",IF(I24<=15,"висок","критичен")))) | K24: =IF(I24="","",IF(I24<=Скали!$B$1,"да","не")) | R24: =IF(OR(P24="",Q24=""),"",P24*Q24)
I25: =IF(OR(G25="",H25=""),"",G25*H25) | J25: =IF(I25="","",IF(I25<=4,"нисък",IF(I25<=9,"умерен",IF(I25<=15,"висок","критичен")))) | K25: =IF(I25="","",IF(I25<=Скали!$B$1,"да","не")) | R25: =IF(OR(P25="",Q25=""),"",P25*Q25)
I26: =IF(OR(G26="",H26=""),"",G26*H26) | J26: =IF(I26="","",IF(I26<=4,"нисък",IF(I26<=9,"умерен",IF(I26<=15,"висок","критичен")))) | K26: =IF(I26="","",IF(I26<=Скали!$B$1,"да","не")) | R26: =IF(OR(P26="",Q26=""),"",P26*Q26)
I27: =IF(OR(G27="",H27=""),"",G27*H27) | J27: =IF(I27="","",IF(I27<=4,"нисък",IF(I27<=9,"умерен",IF(I27<=15,"висок","критичен")))) | K27: =IF(I27="","",IF(I27<=Скали!$B$1,"да","не")) | R27: =IF(OR(P27="",Q27=""),"",P27*Q27)
... I210: =IF(OR(G210="",H210=""),"",G210*H210) | J210: =IF(I210="","",IF(I210<=4,"нисък",IF(I210<=9,"умерен",IF(I210<=15,"висок","критичен")))) | K210: =IF(I210="","",IF(I210<=Скали!$B$1,"да","не")) | R210: =IF(OR(P210="",Q210=""),"",P210*Q210)

Sheet План за третиране
A1: R-ID | B1: A-ID (актив) | C1: Кратко описание на риска | D1: Първонач. риск | E1: Вариант за третиране | F1: Планиран контрол | G1: Annex A код | H1: Отговорник (длъжност) | I1: Срок | J1: Час от курса | K1: Статус | L1: Остат. В | M1: Остат. Въ | N1: Остат. риск | O1: Доказателство / артефакт
A2: R-01 | B2: A-01 | C2: Пробив в CBS през публично достъпна услуга и достъп до сметки | D2: =IFERROR(INDEX('Регистър на риска'!$I:$I,MATCH(A2,'Регистър на риска'!$A:$A,0)),"") -> 20 | E2: намаляване | F2: WAF пред CBS/портала, редовно пачване и управление на уязвимости | G2: A.8.23, A.8.26, A.8.8 | H2: Ръководител ИТ | I2: 30 дни | J2: 9 | K2: планиран | L2: 2 | M2: 4 | N2: =IF(OR(L2="",M2=""),"",L2*M2) -> 8 | O2: artefakti/s09-firewall/
A3: R-02 | B3: A-03 | C3: Изнасяне на клиентски данни през компрометиран админ достъп | D3: =IFERROR(INDEX('Регистър на риска'!$I:$I,MATCH(A3,'Регистър на риска'!$A:$A,0)),"") -> 15 | E3: намаляване | F3: MFA за достъп до БД + ограничение на източника по nftables | G3: A.8.5, A.5.15, A.8.3 | H3: Директор сигурност (CISO) | I3: 30 дни | J3: — | K3: планиран | L3: 1 | M3: 5 | N3: =IF(OR(L3="",M3=""),"",L3*M3) -> 5 | O3: artefakti/s09-mfa/
A4: R-03 | B4: A-04 | C4: Jackpotting / malware на банкомат през физически достъп | D4: =IFERROR(INDEX('Регистър на риска'!$I:$I,MATCH(A4,'Регистър на риска'!$A:$A,0)),"") -> 12 | E4: намаляване | F4: Заключени шасита, контрол на достъпа, whitelisting на банкоматите | G4: A.7.2, A.8.1, A.7.4 | H4: Ръководител операции | I4: 90 дни | J4: — | K4: планиран | L4: 2 | M4: 3 | N4: =IF(OR(L4="",M4=""),"",L4*M4) -> 6 | O4: —
A5: R-04 | B5: A-09 | C5: Изтичане на картови данни (PAN) и PCI DSS санкции | D5: =IFERROR(INDEX('Регистър на риска'!$I:$I,MATCH(A5,'Регистър на риска'!$A:$A,0)),"") -> 10 | E5: намаляване | F5: Пълно криптиране на картовата среда и DLP контрол | G5: A.8.24, A.8.12 | H5: Директор сигурност (CISO) | I5: 30 дни | J5: — | K5: планиран | L5: 1 | M5: 5 | N5: =IF(OR(L5="",M5=""),"",L5*M5) -> 5 | O5: —
A6: R-05 | B6: A-10 | C6: Credential stuffing срещу портала за онлайн банкиране | D6: =IFERROR(INDEX('Регистър на риска'!$I:$I,MATCH(A6,'Регистър на риска'!$A:$A,0)),"") -> 16 | E6: намаляване | F6: MFA за клиенти + rate limiting и заключване на акаунти | G6: A.8.5, A.8.23 | H6: Ръководител ИТ | I6: 30 дни | J6: 9 | K6: планиран | L6: 2 | M6: 3 | N6: =IF(OR(L6="",M6=""),"",L6*M6) -> 6 | O6: artefakti/s09-mfa/
A7: R-06 | B7: A-06 | C7: ATM зоната като трамплин към CBS (странично движение) | D7: =IFERROR(INDEX('Регистър на риска'!$I:$I,MATCH(A7,'Регистър на риска'!$A:$A,0)),"") -> 15 | E7: намаляване | F7: Строга сегментация, ATM → само ATM Manager, DROP към CBS | G7: A.8.22, A.8.20 | H7: Мрежов администратор | I7: 30 дни | J7: 1 и 9 | K7: планиран | L7: 2 | M7: 4 | N7: =IF(OR(L7="",M7=""),"",L7*M7) -> 8 | O7: artefakti/s01-laboratoria/
A8: R-07 | B8: A-05 | C8: DDoS спира банкирането | D8: =IFERROR(INDEX('Регистър на риска'!$I:$I,MATCH(A8,'Регистър на риска'!$A:$A,0)),"") -> 12 | E8: прехвърляне | F8: Облачна anti-DDoS услуга + rate limiting; договорна клауза/SLA | G8: A.8.6, A.8.20 | H8: Ръководител ИТ | I8: 90 дни | J8: 9 | K8: планиран | L8: 2 | M8: 3 | N8: =IF(OR(L8="",M8=""),"",L8*M8) -> 6 | O8: —
A9: R-08 | B9: A-11 | C9: Фишинг компрометира служебен акаунт | D9: =IFERROR(INDEX('Регистър на риска'!$I:$I,MATCH(A9,'Регистър на риска'!$A:$A,0)),"") -> 12 | E9: намаляване | F9: Обучение и phishing симулации + SPF/DKIM/DMARC | G9: A.6.3, A.8.23 | H9: Директор сигурност (CISO) | I9: 90 дни | J9: — | K9: планиран | L9: 2 | M9: 2 | N9: =IF(OR(L9="",M9=""),"",L9*M9) -> 4 | O9: artefakti/s03-kontroli/
A10: R-09 | B10: A-15 | C10: Ransomware криптира данните и архивите | D10: =IFERROR(INDEX('Регистър на риска'!$I:$I,MATCH(A10,'Регистър на риска'!$A:$A,0)),"") -> 15 | E10: намаляване | F10: Офлайн/неизменни резервни копия + EDR и тест за възстановяване | G10: A.8.13, A.8.7 | H10: Ръководител ИТ | I10: 30 дни | J10: — | K10: планиран | L10: 2 | M10: 4 | N10: =IF(OR(L10="",M10=""),"",L10*M10) -> 8 | O10: —
A11: R-10 | B11: A-08 | C11: Атака остава незабелязана заради непълно покритие | D11: =IFERROR(INDEX('Регистър на риска'!$I:$I,MATCH(A11,'Регистър на риска'!$A:$A,0)),"") -> 8 | E11: намаляване | F11: Разширяване на Wazuh до всички хостове + централно логиране | G11: A.8.16, A.8.15 | H11: Анализатор сигурност | I11: 90 дни | J11: — | K11: планиран | L11: 1 | M11: 4 | N11: =IF(OR(L11="",M11=""),"",L11*M11) -> 4 | O11: —
A12: R-11 | B12: A-13 | C12: Ключово знание концентрирано в едно лице | D12: =IFERROR(INDEX('Регистър на риска'!$I:$I,MATCH(A12,'Регистър на риска'!$A:$A,0)),"") -> 6 | E12: намаляване | F12: Документиране на процедурите и обучение на заместник | G12: A.5.37, A.6.1 | H12: Управител | I12: 90 дни | J12: — | K12: планиран | L12: 1 | M12: 3 | N12: =IF(OR(L12="",M12=""),"",L12*M12) -> 3 | O12: —
A13: R-12 | B13: A-12 | C13: Подмяна на DNS отвежда клиенти към фалшив сайт | D13: =IFERROR(INDEX('Регистър на риска'!$I:$I,MATCH(A13,'Регистър на риска'!$A:$A,0)),"") -> 8 | E13: намаляване | F13: Активиране на DNSSEC за домейните | G13: A.8.20, A.8.21 | H13: Мрежов администратор | I13: 90 дни | J13: — | K13: планиран | L13: 1 | M13: 4 | N13: =IF(OR(L13="",M13=""),"",L13*M13) -> 4 | O13: artefakti/s03-kontroli/
... A15: R-14 | B15: A-07 | C15: Неоторизиран достъп от клон към CBS чрез споделен акаунт | D15: =IFERROR(INDEX('Регистър на риска'!$I:$I,MATCH(A15,'Регистър на риска'!$A:$A,0)),"") -> 6 | E15: приемане | F15: Под апетита; индивидуални акаунти при следваща ревизия | G15: A.8.5, A.5.15 | H15: Ръководител клонова мрежа | I15: — | J15: — | K15: приет | L15: 2 | M15: 3 | N15: =IF(OR(L15="",M15=""),"",L15*M15) -> 6 | O15: —
D16: =IFERROR(INDEX('Регистър на риска'!$I:$I,MATCH(A16,'Регистър на риска'!$A:$A,0)),"") | N16: =IF(OR(L16="",M16=""),"",L16*M16)
D17: =IFERROR(INDEX('Регистър на риска'!$I:$I,MATCH(A17,'Регистър на риска'!$A:$A,0)),"") | N17: =IF(OR(L17="",M17=""),"",L17*M17)
D18: =IFERROR(INDEX('Регистър на риска'!$I:$I,MATCH(A18,'Регистър на риска'!$A:$A,0)),"") | N18: =IF(OR(L18="",M18=""),"",L18*M18)
D19: =IFERROR(INDEX('Регистър на риска'!$I:$I,MATCH(A19,'Регистър на риска'!$A:$A,0)),"") | N19: =IF(OR(L19="",M19=""),"",L19*M19)
D20: =IFERROR(INDEX('Регистър на риска'!$I:$I,MATCH(A20,'Регистър на риска'!$A:$A,0)),"") | N20: =IF(OR(L20="",M20=""),"",L20*M20)
D21: =IFERROR(INDEX('Регистър на риска'!$I:$I,MATCH(A21,'Регистър на риска'!$A:$A,0)),"") | N21: =IF(OR(L21="",M21=""),"",L21*M21)
D22: =IFERROR(INDEX('Регистър на риска'!$I:$I,MATCH(A22,'Регистър на риска'!$A:$A,0)),"") | N22: =IF(OR(L22="",M22=""),"",L22*M22)
D23: =IFERROR(INDEX('Регистър на риска'!$I:$I,MATCH(A23,'Регистър на риска'!$A:$A,0)),"") | N23: =IF(OR(L23="",M23=""),"",L23*M23)
D24: =IFERROR(INDEX('Регистър на риска'!$I:$I,MATCH(A24,'Регистър на риска'!$A:$A,0)),"") | N24: =IF(OR(L24="",M24=""),"",L24*M24)
D25: =IFERROR(INDEX('Регистър на риска'!$I:$I,MATCH(A25,'Регистър на риска'!$A:$A,0)),"") | N25: =IF(OR(L25="",M25=""),"",L25*M25)
D26: =IFERROR(INDEX('Регистър на риска'!$I:$I,MATCH(A26,'Регистър на риска'!$A:$A,0)),"") | N26: =IF(OR(L26="",M26=""),"",L26*M26)
D27: =IFERROR(INDEX('Регистър на риска'!$I:$I,MATCH(A27,'Регистър на риска'!$A:$A,0)),"") | N27: =IF(OR(L27="",M27=""),"",L27*M27)
... D210: =IFERROR(INDEX('Регистър на риска'!$I:$I,MATCH(A210,'Регистър на риска'!$A:$A,0)),"") | N210: =IF(OR(L210="",M210=""),"",L210*M210)
